{"version": -1, "gamemode": 0, "playerx": 16.460000000000008, "playery": 20.01000000000002, "select_in_hotbar": 0, "world": [[[0, "\u0001\u0004\u0004\t!-0123456\u0003\u0005\"Q(T*\u0015\nE\"Q(T*\u0015\nE\"Q(`0\u0018\f\u0005b!\u0010H$\u0012\t\u0004B!\u0010H$\u0012\t\u0004B!\u0010H$\u0012\t\u0004B!\u0010H$\u0012\t\u0004B!\u0010H$\u0012\t\u0004B!\u0010H$\u0012\t\u0001BQ(T*\u0015\nE\"Q(T*\u0015\nE\"Q(T0\u0018\f\u0006\u0002q\u0010H$\u0012\t\u0004B!\u0010H$\u0012\t\u0004B!\u0010H$\u0012\t\u0004B!\u0010H$\u0012\t\u0004B!\u0010H$\u0012\t\u0004B!\u0010H$\u0012\t\u0004@a(T*\u0015\nE\"Q(T*\u0015\nE\"Q(T*\u0018\f\u0006\u0003\u00018\\$\u0012\t\u0004B!\u0010H$\u0012\t\u0004B!\u0010H$\u0012\t\u0004B!\u0010H$\u0012\t\u0004B!\u0010H$\u0012\t\u0004B!\u0010H$\u0012\t\u0004B 0T*\u0015\nE\"Q(T*\u0015\nE\"Q(T*\u0015\f\u0006\u0003\u0001@\\$\u0012\t\u0004Bq8H$\u0012\t\u0004B!\u0010H$\u0012\t\u0004B!\u0010H$\u0012\t\u0004B!\u0010H$\u0012\t\u0004B!\u0010H$\u0012\t\u0004B!\u0010\u0018*\u0015\nE\"Q(T*\u0015\nE\"Q(T*\u0015\nF\u0003\u0001@`.\u0012\t\u0004B!\u0010H$\u0012\t\u0004B!\u0010H$\u0012\t\u0004B!\u0010H$\u0012\t\u0004B!\u0010H$\u0012\t\u0004B!\u0010H$\u0012\t\u0004B!\u0010H\f\u0015\nE\"Q(T*\u0015\nE\"Q(T*\u0015\nF\u0003\u0001@`.\u0012\t\u0004Bq\u0010H$\u0012\t\u0004B!\u0010H$\u0012\t\u0004B!\u0010H$\u0012\t\u0004B!\u0010H$\u0012\t\u0004B!\u0010H$\u0012\t\u0004B!\u0010H$\u0006\nE\"Q(T*\u0015\nE\"Q(T*\u0015\nE#\u0001@`0\u0017\tL$\u0012\t\u0005b!\u0010H$\u0012\t\u0004B!\u0010H$\u0012\t\u0004B!\u0010H$\u0012\t\u0004B!\u0010H$\u0012\t\u0004B!\u0010H$\u0012\t\u0004B!\u0010\u0018*\u0015\nE\"Q(T*\u0015\nE\"Q(T*\u0015\f\u0006\u0003\u0001@\\$\u0012\t\u0004B!\u0010H$\u0012\t\u0004B!\u0010H$\u0012\t\u0004B!\u0010H$\u0012\t\u0004B!\u0010H$\u0012\t\u0004B!\u0010H$\u0012\t\u0004B!\u0010H\f\u0015\nE\"Q(T*\u0015\nE\"Q(T*\u0015\nF\u0003\u0001@`.\u0012\t\u0004B!\u0010H$\u0012\t\u0004B!\u0010H$\u0012\t\u0004B!\u0010H$\u0012\t\u0004B!\u0010H$\u0012\t\u0004B!\u0010H$\u0012\t\u0004B!\u0010H$\u0006\nE\"Q(T*\u0015\nE\"Q(T*\u0015\nE#\u0001@`0\u0017\tL$\u0012\t\u0004B!\u0010H$\u0012\t\u0004B!\u0010H$\u0012\t\u0004B!\u0010H$\u0012\t\u0004B!\u0010H$\u0012\t\u0004B!\u0010H$\u0012\t\u0004B!\u0010\u0018*\u0015\nE\"Q(T*\u0015\nE\"Q(T*\u0015\f\u0006\u0003\u0001@\\$\u0012\t\u0004B!\u0010H$\u0012\t\u0004B!\u0010H$\u0012\t\u0004B!\u0010H$\u0012\t\u0004B!\u0010H$\u0012\t\u0004B!\u0010H$\u0012\t\u0004B!\u0010H\f\u0015\nE\"Q(T*\u0015\nE\"Q(T*\u0015\nF\u0003\u0001@`.\u0012\t\u0004B!\u0010H$\u0012\t\u0004B!\u0010H$\u0012\t\u0004B!\u0010H$\u0012\t\u0004B!\u0010H$\u0012\t\u0004B!\u0010H$\u0012\t\u0004B!\u0010H$\u0006\nE\"Q(T*\u0015\nE\"Q(T*\u0015\nE#\u0001@`0\u0017\t\u0004B!\u0010H$\u0012\t\u0004B!\u0010H$\u0012\t\u0004B!\u0010H$\u0012\t\u0004B!\u0010H$\u0012\t\u0004B!\u0010H$\u0012\t\u0004B!\u0010H$\u0012\u0003\u0005\"Q(T*\u0015\nE\"Q(T*\u0015\nE\"Q@`0\u0018\u000bDB!\u0010H$\u0012\t\u0004B!\u0010H$\u0012\t\u0004B!\u0010H$\u0012\t\u0004B!\u0010H$\u0012\t\u0004B!\u0010H$\u0012\t\u0004B!\u0010H$\u0012\t\u0001BQ(T*\u0015\nE\"Q(T*\u0015\nE\"Q(`0\u0018\f\u0005b4\t\u0004B!\u0010H$\u0012\t\u0004B!\u0010H$\u0012\t\u0004B!\u0010H$\u0012\t\u0004B!\u0010H$\u0012\t\u0004B!\u0010H$\u0012\t\u0004B!\u0010H$\u0006\nE\"Q(T*\u0015\nE\"Q(T*\u0015\nE#\u0001@`0\u0017\t\u0004B!\u0010H$\u0012\t\u0004B!\u0010H$\u0012\t\u0004B!\u0010H$\u0012\t\u0004B!\u0010H$\u0012\t\u0004B!\u0010H$\u0012\t\u0004B!\u0010H$\u0012"], [1, "\u0001\u0003\u0004\t!-0123456\u0006\nE\"Q(T*\u0015\nE\"Q(T*\u0015\f\u0006\u0003\u0001@\\$\u0012\t\u0004B!\u0010H$\u0012\t\u0004B!\u0010H$\u0012\t\u0004B!\u0010H$\u0012\t\u0004B!\u0010H$\u0012\t\u0004B!\u0010H$\u0012\t\u0004B!\u0010H$\u0012\u0003\u0005\"Q(T*\u0015\nE\"Q(T*\u0015\f\u0006\u0003\u0001@\\$\u0012\t\u0004B!\u0010H$\u0012\t\u0004B!\u0010H$\u0012\t\u0004B!\u0010H$\u0012\t\u0004B!\u0010H$\u0012\t\u0004B!\u0010H$\u0012\t\u0004B!\u0010H$\u0012\t\u0001BQ(T*\u0015\nE\"Q(T*\u0015\nF\u0003\u0001@`.\u0012\t\u0004B!\u0010H$\u0012\t\u0004B!\u0010H$\u0012\t\u0004B!\u0010H$\u0012\t\u0004B!\u0010H$\u0012\t\u0004B!\u0010H$\u0012\t\u0004B!\u0010H$\u0012\t\u0004@a(T*\u0015\nE\"Q(T*\u0015\nE#\u0001@`0\u0017\tL$\u0012\t\u0004B!\u0010H$\u0012\t\u0004B!\u0010H$\u0012\t\u0004B!\u0010H$\u0012\t\u0004B!\u0010H$\u0012\t\u0004B!\u0010H$\u0012\t\u0004B!\u0010H$\u0012\u0003\u0005\"Q(T*\u0015\nE\"Q(T*\u0015\f\u0006\u0003\u0001@\\$\u0012\t\u0004B!\u0010H$\u0012\t\u0004B!\u0010H$\u0012\t\u0004B!\u0010H$\u0012\t\u0004B!\u0010H$\u0012\t\u0004B!\u0010H$\u0012\t\u0004B!\u0010H$\u0012\t\u0001BQ(T*\u0015\nE\"Q(T*\u0015\nF\u0003\u0001@`.\u0012\t\u0004B!\u0010H$\u0012\t\u0004B!\u0010H$\u0012\t\u0004B!\u0010H$\u0012\t\u0004B!\u0010H$\u0012\t\u0004B!\u0010H$\u0012\t\u0004B!\u0010H$\u0012\t\u0004@a(T*\u0015\nE\"Q(T*\u0015\nE#\u0001@`0\u0017\t\u0004B!\u0010H$\u0012\t\u0004B!\u0010H$\u0012\t\u0004B!\u0010H$\u0012\t\u0004B!\u0010H$\u0012\t\u0004B!\u0010H$\u0012\t\u0004B!\u0010H$\u0012\t\u0004B 0T*\u0015\nE\"Q(T*\u0015\nE\"Q(`0\u0018\f\u0005b!\u0010H$\u0012\t\u0004B!\u0010H$\u0012\t\u0004B!\u0010H$\u0012\t\u0004B!\u0010H$\u0012\t\u0004B!\u0010H$\u0012\t\u0004B!\u0010H$\u0012\t\u0004B!\u0010\u0018*\u0015\nE\"Q(T*\u0015\nE\"Q(T0\u0018\f\u0006\u0002q\u0010H$\u0012\t\u0004B!\u0010H$\u0012\t\u0004B!\u0010H$\u0012\t\u0004B!\u0010H$\u0012\t\u0004B!\u0010H$\u0012\t\u0004B!\u0010H$\u0012\t\u0004B!\u0010H\f\u0015\nE\"Q(T*\u0015\nE\"Q(T*\u0015\f\u0006\u0003\u0001@\\&A\u0010H$\u0012\t\u0004B!\u0010H$\u0012\t\u0004B!\u0010H$\u0012\t\u0004B!\u0010H$\u0012\t\u0004B!\u0010H$\u0012\t\u0004B!\u0010H$\u0012\t\u0004B 0T*\u0015\nE\"Q(T*\u0015\nE\"Q(T0\u0018\f\u0006\u0002q\u0019DB!\u0010H$\u0012\t\u0004B!\u0010H$\u0012\t\u0004B!\u0010H$\u0012\t\u0004B!\u0010H$\u0012\t\u0004B!\u0010H$\u0012\t\u0004B!\u0010H$\u0012\t\u0001BQ(T*\u0015\nE\"Q(T*\u0015\nE\"Q(`0\u0018\f\u0005b!\u0010H$\u0012\t\u0004B!\u0010H$\u0012\t\u0004B!\u0010H$\u0012\t\u0004B!\u0010H$\u0012\t\u0004B!\u0010H$\u0012\t\u0004B!\u0010H$\u0012\t\u0004@a(T*\u0015\nE\"Q(T*\u0015\nE\"Q(T0\u0018\f\u0006\u0002q\u0019DB!\u0010H$\u0012\t\u0004B!\u0010H$\u0012\t\u0004B!\u0010H$\u0012\t\u0004B!\u0010H$\u0012\t\u0004B!\u0010H$\u0012\t\u0004B!\u0010H$\u0012\u0003\u0005\"Q(T*\u0015\nE\"Q(T*\u0015\nE\"Q@`0\u0018\u000bDB!\u0010H$\u0012\t\u0004B!\u0010H$\u0012\t\u0004B!\u0010H$\u0012\t\u0004B!\u0010H$\u0012\t\u0004B!\u0010H$\u0012\t\u0004B!\u0010H$\u0012\t\u0001BQ(T*\u0015\nE\"Q(T*\u0015\nE\"Q(`0\u0018\f\u0005b3\t\u0004B!\u0010H$\u0012\t\u0004B!\u0010H$\u0012\t\u0004B!\u0010H$\u0012\t\u0004B!\u0010H$\u0012\t\u0004B!\u0010H$\u0012\t\u0004B!\u0010H$\u0006\nE\"Q(T*\u0015\nE\"Q(T*\u0015\nE#\u0001@`0\u0017\t\u0004B!\u0010H$\u0012\t\u0004B!\u0010H$\u0012\t\u0004B!\u0010H$\u0012\t\u0004B!\u0010H$\u0012\t\u0004B!\u0010H$\u0012\t\u0004B!\u0010H$\u0012"]], [[0, "\u0001\u0002\u0004\t!-0123456\f\u0015\nE\"Q(T*\u0015\nE\"Q(T*\u0015\nF\u0003\u0001@`.\u0013 H$\u0012\t\u0004B!\u0010H$\u0012\t\u0004B!\u0010H$\u0012\t\u0004B!\u0010H$\u0012\t\u0004B!\u0010H$\u0012\t\u0004B!\u0010H$\u0012\t\u0004B 0T*\u0015\nE\"Q(T*\u0015\nE\"Q(T*\u0018\f\u0006\u0003\u00018H$\u0012\t\u0004B!\u0010H$\u0012\t\u0004B!\u0010H$\u0012\t\u0004B!\u0010H$\u0012\t\u0004B!\u0010H$\u0012\t\u0004B!\u0010H$\u0012\t\u0004B!\u0010\u0018*\u0015\nE\"Q(T*\u0015\nE\"Q(T*\u0015\f\u0006\u0003\u0001@\\&1\u0010H$\u0012\t\u0004B!\u0010H$\u0012\t\u0004B!\u0010H$\u0012\t\u0004B!\u0010H$\u0012\t\u0004B!\u0010H$\u0012\t\u0004B!\u0010H$\u0012\t\u0004@a(T*\u0015\nE\"Q(T*\u0015\nE\"Q(T0\u0018\f\u0006\u0002q\u0010H$\u0012\t\u0004B!\u0010H$\u0012\t\u0004B!\u0010H$\u0012\t\u0004B!\u0010H$\u0012\t\u0004B!\u0010H$\u0012\t\u0004B!\u0010H$\u0012\t\u0004B 